Data;Linha;Linha Informada a SMTR;Linha Realizada pela SMTR;Veículo;Veículo Consolidado pela SMTR;Início da Viagem;Término da Viagem;Início da Viagem pela SMTR;Término da Viagem pela SMTR;Viagem Reconhecida
20/06/2025;100;;;A41019;;20/06/2025 04:36:19;20/06/2025 05:04:23;;;Não Reconhecida
20/06/2025;100;;;A41019;;20/06/2025 05:05:36;20/06/2025 05:30:35;;;Não Reconhecida
20/06/2025;100;;;A41019;;20/06/2025 06:07:15;20/06/2025 06:49:42;;;Não Reconhecida
20/06/2025;100;;;A41019;;20/06/2025 06:51:26;20/06/2025 07:27:03;;;Não Reconhecida
20/06/2025;100;;;A41019;;20/06/2025 07:53:25;20/06/2025 08:55:56;;;Não Reconhecida
20/06/2025;100;;;A41019;;20/06/2025 08:59:12;;;;Não Reconhecida
20/06/2025;100;;;A41190;;20/06/2025 06:51:28;20/06/2025 07:56:31;;;Não Reconhecida
20/06/2025;100;;;A41190;;20/06/2025 07:58:15;20/06/2025 08:37:06;;;Não Reconhecida
20/06/2025;100;;;A41190;;20/06/2025 08:47:03;;;;Não Reconhecida
20/06/2025;100;;;A41296;;20/06/2025 04:49:28;20/06/2025 05:16:00;;;Não Reconhecida
20/06/2025;100;;;A41296;;20/06/2025 05:17:12;20/06/2025 05:44:45;;;Não Reconhecida
20/06/2025;100;;;A41296;;20/06/2025 06:12:07;20/06/2025 06:53:35;;;Não Reconhecida
20/06/2025;100;;;A41296;;20/06/2025 06:55:18;20/06/2025 07:24:54;;;Não Reconhecida
20/06/2025;100;;;A41296;;20/06/2025 07:44:05;20/06/2025 08:38:19;;;Não Reconhecida
20/06/2025;100;;;A41296;;20/06/2025 08:40:33;20/06/2025 09:16:50;;;Não Reconhecida
20/06/2025;100;;;A41296;;20/06/2025 09:19:04;;;;Não Reconhecida
20/06/2025;100;;;A41353;;20/06/2025 05:11:30;20/06/2025 05:44:11;;;Não Reconhecida
20/06/2025;100;;;A41353;;20/06/2025 05:45:54;20/06/2025 06:14:58;;;Não Reconhecida
20/06/2025;100;;;A41353;;20/06/2025 06:45:57;20/06/2025 07:50:59;;;Não Reconhecida
20/06/2025;100;;;A41353;;20/06/2025 07:54:45;20/06/2025 08:37:08;;;Não Reconhecida
20/06/2025;100;;;A41353;;20/06/2025 08:44:00;;;;Não Reconhecida
20/06/2025;100;;;A41378;;20/06/2025 04:17:27;20/06/2025 04:41:53;;;Não Reconhecida
20/06/2025;100;;;A41378;;20/06/2025 04:43:37;20/06/2025 05:09:06;;;Não Reconhecida
20/06/2025;100;;;A41378;;20/06/2025 05:59:08;20/06/2025 06:40:02;;;Não Reconhecida
20/06/2025;100;;;A41378;;20/06/2025 06:41:45;20/06/2025 07:18:31;;;Não Reconhecida
20/06/2025;100;;;A41378;;20/06/2025 07:38:13;20/06/2025 08:36:35;;;Não Reconhecida
20/06/2025;100;;;A41378;;20/06/2025 08:39:51;20/06/2025 09:19:09;;;Não Reconhecida
20/06/2025;100;;;A41378;;20/06/2025 09:19:20;;;;Não Reconhecida
20/06/2025;100;;;C41396;;20/06/2025 05:01:13;20/06/2025 05:25:15;;;Não Reconhecida
20/06/2025;100;;;C41396;;20/06/2025 05:26:27;20/06/2025 05:47:21;;;Não Reconhecida
20/06/2025;100;;;C41396;;20/06/2025 06:16:19;20/06/2025 06:57:15;;;Não Reconhecida
20/06/2025;100;;;C41396;;20/06/2025 06:59:30;20/06/2025 07:27:04;;;Não Reconhecida
20/06/2025;100;;;C41396;;20/06/2025 07:49:21;;;;Não Reconhecida
20/06/2025;105;;;C41021;;20/06/2025 05:50:26;20/06/2025 06:30:49;;;Não Reconhecida
20/06/2025;105;;;C41021;;20/06/2025 06:34:05;20/06/2025 07:22:08;;;Não Reconhecida
20/06/2025;105;;;C41341;;20/06/2025 05:24:56;20/06/2025 06:00:11;;;Não Reconhecida
20/06/2025;105;;;C41341;;20/06/2025 06:10:08;20/06/2025 06:59:13;;;Não Reconhecida
20/06/2025;108;;;A41124;;20/06/2025 06:05:19;20/06/2025 06:55:03;;;Não Reconhecida
20/06/2025;108;;;A41124;;20/06/2025 06:58:19;20/06/2025 07:50:06;;;Não Reconhecida
20/06/2025;108;;;A41124;;20/06/2025 08:10:21;20/06/2025 09:15:27;;;Não Reconhecida
20/06/2025;108;;;A41124;;20/06/2025 09:19:14;;;;Não Reconhecida
20/06/2025;108;;;A41142;;20/06/2025 06:14:54;20/06/2025 07:01:59;;;Não Reconhecida
20/06/2025;108;;;A41142;;20/06/2025 07:06:16;20/06/2025 07:54:20;;;Não Reconhecida
20/06/2025;108;;;A41142;;20/06/2025 08:46:54;;;;Não Reconhecida
20/06/2025;108;;;A41146;;20/06/2025 05:10:54;20/06/2025 05:47:42;;;Não Reconhecida
20/06/2025;108;;;A41146;;20/06/2025 05:50:27;20/06/2025 06:27:48;;;Não Reconhecida
20/06/2025;108;;;A41146;;20/06/2025 06:39:17;20/06/2025 07:23:15;;;Não Reconhecida
20/06/2025;108;;;A41146;;20/06/2025 07:30:07;20/06/2025 08:24:53;;;Não Reconhecida
20/06/2025;108;;;A41146;;20/06/2025 09:11:25;;;;Não Reconhecida
20/06/2025;108;;;A41205;;20/06/2025 05:36:46;20/06/2025 06:11:30;;;Não Reconhecida
20/06/2025;108;;;A41205;;20/06/2025 06:17:20;20/06/2025 07:10:32;;;Não Reconhecida
20/06/2025;108;;;A41205;;20/06/2025 07:32:32;20/06/2025 08:22:08;;;Não Reconhecida
20/06/2025;108;;;A41205;;20/06/2025 08:26:56;20/06/2025 09:16:03;;;Não Reconhecida
20/06/2025;108;;;A41205;;20/06/2025 09:19:16;;;;Não Reconhecida
20/06/2025;108;;;A41208;;20/06/2025 06:29:54;20/06/2025 07:11:52;;;Não Reconhecida
20/06/2025;108;;;A41208;;20/06/2025 07:18:42;20/06/2025 07:55:58;;;Não Reconhecida
20/06/2025;108;;;A41208;;20/06/2025 09:01:13;;;;Não Reconhecida
20/06/2025;108;;;A41248;;20/06/2025 06:24:24;20/06/2025 07:05:54;;;Não Reconhecida
20/06/2025;108;;;A41248;;20/06/2025 07:23:34;20/06/2025 08:15:17;;;Não Reconhecida
20/06/2025;108;;;A41248;;20/06/2025 08:19:34;20/06/2025 09:09:15;;;Não Reconhecida
20/06/2025;108;;;A41248;;20/06/2025 09:19:11;;;;Não Reconhecida
20/06/2025;108;;;A41251;;20/06/2025 04:33:15;20/06/2025 05:01:50;;;Não Reconhecida
20/06/2025;108;;;A41251;;20/06/2025 05:03:33;20/06/2025 05:35:44;;;Não Reconhecida
20/06/2025;108;;;A41251;;20/06/2025 05:56:58;20/06/2025 06:37:24;;;Não Reconhecida
20/06/2025;108;;;A41251;;20/06/2025 06:42:44;20/06/2025 07:31:53;;;Não Reconhecida
20/06/2025;108;;;A41251;;20/06/2025 07:43:53;20/06/2025 08:37:06;;;Não Reconhecida
20/06/2025;108;;;A41251;;20/06/2025 08:43:26;;;;Não Reconhecida
20/06/2025;108;;;A41257;;20/06/2025 04:42:49;20/06/2025 05:09:52;;;Não Reconhecida
20/06/2025;108;;;A41257;;20/06/2025 05:10:34;20/06/2025 05:33:00;;;Não Reconhecida
20/06/2025;108;;;A41257;;20/06/2025 05:47:34;20/06/2025 06:23:53;;;Não Reconhecida
20/06/2025;108;;;A41257;;20/06/2025 06:29:42;20/06/2025 07:01:55;;;Não Reconhecida
20/06/2025;108;;;A41257;;20/06/2025 07:12:52;20/06/2025 08:03:32;;;Não Reconhecida
20/06/2025;108;;;A41257;;20/06/2025 08:14:00;20/06/2025 09:02:37;;;Não Reconhecida
20/06/2025;108;;;A41257;;20/06/2025 09:19:14;;;;Não Reconhecida
20/06/2025;108;;;A41300;;20/06/2025 04:58:40;20/06/2025 05:29:49;;;Não Reconhecida
20/06/2025;108;;;A41300;;20/06/2025 05:32:04;20/06/2025 06:08:52;;;Não Reconhecida
20/06/2025;108;;;A41300;;20/06/2025 06:21:53;20/06/2025 07:03:18;;;Não Reconhecida
20/06/2025;108;;;A41300;;20/06/2025 07:10:42;20/06/2025 07:54:42;;;Não Reconhecida
20/06/2025;108;;;A41300;;20/06/2025 08:25:11;;;;Não Reconhecida
20/06/2025;108;;;A41307;;20/06/2025 06:59:48;20/06/2025 07:52:32;;;Não Reconhecida
20/06/2025;108;;;A41307;;20/06/2025 08:02:58;20/06/2025 09:12:40;;;Não Reconhecida
20/06/2025;108;;;A41307;;20/06/2025 09:19:01;;;;Não Reconhecida
20/06/2025;108;;;A41351;;20/06/2025 06:51:49;20/06/2025 07:42:00;;;Não Reconhecida
20/06/2025;108;;;A41351;;20/06/2025 07:47:19;20/06/2025 08:41:03;;;Não Reconhecida
20/06/2025;108;;;A41351;;20/06/2025 09:19:14;;;;Não Reconhecida
20/06/2025;108;;;A41365;;20/06/2025 05:27:38;20/06/2025 06:09:05;;;Não Reconhecida
20/06/2025;108;;;A41365;;20/06/2025 06:13:22;20/06/2025 07:06:08;;;Não Reconhecida
20/06/2025;108;;;C41081;;20/06/2025 07:54:02;20/06/2025 08:48:17;;;Não Reconhecida
20/06/2025;108;;;C41081;;20/06/2025 08:55:09;;;;Não Reconhecida
20/06/2025;110;;;A41048;;20/06/2025 07:46:32;20/06/2025 08:23:50;;;Não Reconhecida
20/06/2025;110;;;A41048;;20/06/2025 08:24:10;20/06/2025 08:55:08;;;Não Reconhecida
20/06/2025;110;;;A41048;;20/06/2025 09:19:21;;;;Não Reconhecida
20/06/2025;110;;;A41133;;20/06/2025 06:01:42;20/06/2025 06:35:56;;;Não Reconhecida
20/06/2025;110;;;A41133;;20/06/2025 06:37:40;20/06/2025 07:12:53;;;Não Reconhecida
20/06/2025;110;;;A41133;;20/06/2025 07:26:56;20/06/2025 08:04:45;;;Não Reconhecida
20/06/2025;110;;;A41133;;20/06/2025 08:05:57;20/06/2025 08:46:52;;;Não Reconhecida
20/06/2025;110;;;A41133;;20/06/2025 09:18:22;;;;Não Reconhecida
20/06/2025;110;;;A41179;;20/06/2025 05:29:18;20/06/2025 06:04:06;;;Não Reconhecida
20/06/2025;110;;;A41179;;20/06/2025 06:04:48;20/06/2025 06:44:10;;;Não Reconhecida
20/06/2025;110;;;A41179;;20/06/2025 06:58:14;20/06/2025 07:44:49;;;Não Reconhecida
20/06/2025;110;;;A41179;;20/06/2025 07:46:02;20/06/2025 08:34:09;;;Não Reconhecida
20/06/2025;110;;;A41179;;20/06/2025 09:10:49;;;;Não Reconhecida
20/06/2025;110;;;A41261;;20/06/2025 04:35:41;20/06/2025 04:57:04;;;Não Reconhecida
20/06/2025;110;;;A41261;;20/06/2025 04:57:15;20/06/2025 05:22:44;;;Não Reconhecida
20/06/2025;110;;;A41261;;20/06/2025 05:38:03;20/06/2025 06:07:08;;;Não Reconhecida
20/06/2025;110;;;A41261;;20/06/2025 06:08:20;20/06/2025 06:37:22;;;Não Reconhecida
20/06/2025;110;;;A41261;;20/06/2025 06:47:50;20/06/2025 07:22:34;;;Não Reconhecida
20/06/2025;110;;;A41261;;20/06/2025 07:23:46;20/06/2025 08:01:35;;;Não Reconhecida
20/06/2025;110;;;A41261;;20/06/2025 08:42:20;;;;Não Reconhecida
20/06/2025;110;;;A41365;;20/06/2025 07:17:06;20/06/2025 07:53:53;;;Não Reconhecida
20/06/2025;110;;;A41365;;20/06/2025 07:55:06;20/06/2025 08:30:50;;;Não Reconhecida
20/06/2025;110;;;A41365;;20/06/2025 09:19:17;;;;Não Reconhecida
20/06/2025;110;;;A41376;;20/06/2025 05:20:25;20/06/2025 05:44:23;;;Não Reconhecida
20/06/2025;110;;;A41376;;20/06/2025 05:45:05;20/06/2025 06:20:20;;;Não Reconhecida
20/06/2025;110;;;A41376;;20/06/2025 06:38:00;20/06/2025 07:14:46;;;Não Reconhecida
20/06/2025;110;;;A41376;;20/06/2025 07:16:30;20/06/2025 08:01:32;;;Não Reconhecida
20/06/2025;110;;;A41412;;20/06/2025 04:45:39;20/06/2025 05:10:03;;;Não Reconhecida
20/06/2025;110;;;A41412;;20/06/2025 05:10:16;20/06/2025 05:36:42;;;Não Reconhecida
20/06/2025;110;;;A41412;;20/06/2025 05:48:42;20/06/2025 06:21:48;;;Não Reconhecida
20/06/2025;110;;;A41412;;20/06/2025 06:23:01;20/06/2025 06:58:43;;;Não Reconhecida
20/06/2025;110;;;A41412;;20/06/2025 07:10:42;20/06/2025 07:54:02;;;Não Reconhecida
20/06/2025;110;;;A41412;;20/06/2025 07:54:44;20/06/2025 08:29:57;;;Não Reconhecida
20/06/2025;110;;;A41412;;20/06/2025 09:01:01;;;;Não Reconhecida
20/06/2025;110;;;A41453;;20/06/2025 06:18:29;20/06/2025 06:50:37;;;Não Reconhecida
20/06/2025;110;;;A41453;;20/06/2025 06:51:19;20/06/2025 07:25:32;;;Não Reconhecida
20/06/2025;110;;;A41453;;20/06/2025 07:39:04;20/06/2025 08:19:28;;;Não Reconhecida
20/06/2025;110;;;A41453;;20/06/2025 08:20:40;20/06/2025 08:57:27;;;Não Reconhecida
20/06/2025;110;;;A41453;;20/06/2025 09:19:09;;;;Não Reconhecida
20/06/2025;110;;;C41262;;20/06/2025 04:54:26;20/06/2025 05:20:56;;;Não Reconhecida
20/06/2025;110;;;C41262;;20/06/2025 05:22:09;20/06/2025 05:48:09;;;Não Reconhecida
20/06/2025;110;;;C41262;;20/06/2025 06:10:25;20/06/2025 06:40:01;;;Não Reconhecida
20/06/2025;110;;;C41262;;20/06/2025 06:40:43;20/06/2025 07:14:25;;;Não Reconhecida
20/06/2025;110;;;C41263;;20/06/2025 05:14:26;20/06/2025 05:46:39;;;Não Reconhecida
20/06/2025;110;;;C41263;;20/06/2025 05:48:22;20/06/2025 06:18:28;;;Não Reconhecida
20/06/2025;110;;;C41263;;20/06/2025 06:27:53;20/06/2025 07:11:52;;;Não Reconhecida
20/06/2025;110;;;C41263;;20/06/2025 07:13:05;20/06/2025 07:59:07;;;Não Reconhecida
20/06/2025;110;;;C41263;;20/06/2025 08:16:46;20/06/2025 09:03:21;;;Não Reconhecida
20/06/2025;110;;;C41263;;20/06/2025 09:04:02;;;;Não Reconhecida
20/06/2025;110;;;C41331;;20/06/2025 07:58:34;20/06/2025 08:43:35;;;Não Reconhecida
20/06/2025;110;;;C41331;;20/06/2025 08:44:16;;;;Não Reconhecida
20/06/2025;112;;;A41018;;20/06/2025 08:41:18;20/06/2025 09:18:39;;;Não Reconhecida
20/06/2025;112;;;A41018;;20/06/2025 09:18:50;;;;Não Reconhecida
20/06/2025;112;;;A41059;;20/06/2025 05:01:51;20/06/2025 05:25:48;;;Não Reconhecida
20/06/2025;112;;;A41059;;20/06/2025 05:29:35;20/06/2025 05:56:38;;;Não Reconhecida
20/06/2025;112;;;A41059;;20/06/2025 07:46:18;20/06/2025 08:15:56;;;Não Reconhecida
20/06/2025;112;;;A41059;;20/06/2025 08:19:42;20/06/2025 08:58:03;;;Não Reconhecida
20/06/2025;112;;;A41059;;20/06/2025 09:19:18;;;;Não Reconhecida
20/06/2025;112;;;A41060;;20/06/2025 04:46:34;20/06/2025 05:09:28;;;Não Reconhecida
20/06/2025;112;;;A41060;;20/06/2025 05:14:47;20/06/2025 05:49:32;;;Não Reconhecida
20/06/2025;112;;;A41060;;20/06/2025 06:04:38;20/06/2025 06:32:42;;;Não Reconhecida
20/06/2025;112;;;A41060;;20/06/2025 07:26:57;20/06/2025 07:55:01;;;Não Reconhecida
20/06/2025;112;;;A41060;;20/06/2025 07:59:19;20/06/2025 08:41:49;;;Não Reconhecida
20/06/2025;112;;;A41060;;20/06/2025 09:19:14;;;;Não Reconhecida
20/06/2025;112;;;A41062;;20/06/2025 05:11:53;20/06/2025 05:31:56;;;Não Reconhecida
20/06/2025;112;;;A41062;;20/06/2025 05:35:02;20/06/2025 06:04:40;;;Não Reconhecida
20/06/2025;112;;;A41062;;20/06/2025 07:55:45;20/06/2025 08:24:20;;;Não Reconhecida
20/06/2025;112;;;A41062;;20/06/2025 08:29:09;20/06/2025 09:09:03;;;Não Reconhecida
20/06/2025;112;;;A41062;;20/06/2025 09:18:29;;;;Não Reconhecida
20/06/2025;112;;;A41063;;20/06/2025 07:37:13;20/06/2025 08:09:57;;;Não Reconhecida
20/06/2025;112;;;A41063;;20/06/2025 08:16:19;20/06/2025 09:00:48;;;Não Reconhecida
20/06/2025;112;;;A41063;;20/06/2025 09:18:24;;;;Não Reconhecida
20/06/2025;112;;;A41083;;20/06/2025 05:33:05;20/06/2025 05:55:00;;;Não Reconhecida
20/06/2025;112;;;A41083;;20/06/2025 06:55:37;20/06/2025 07:24:13;;;Não Reconhecida
20/06/2025;112;;;A41083;;20/06/2025 08:22:30;20/06/2025 08:51:05;;;Não Reconhecida
20/06/2025;112;;;A41083;;20/06/2025 08:55:23;;;;Não Reconhecida
20/06/2025;112;;;A41085;;20/06/2025 06:16:27;20/06/2025 06:37:39;;;Não Reconhecida
20/06/2025;112;;;A41085;;20/06/2025 07:26:19;20/06/2025 07:51:51;;;Não Reconhecida
20/06/2025;112;;;A41085;;20/06/2025 08:40:47;20/06/2025 09:08:49;;;Não Reconhecida
20/06/2025;112;;;A41085;;20/06/2025 09:15:09;;;;Não Reconhecida
20/06/2025;112;;;A41104;;20/06/2025 06:45:31;20/06/2025 07:08:25;;;Não Reconhecida
20/06/2025;112;;;A41104;;20/06/2025 07:54:49;20/06/2025 08:24:03;;;Não Reconhecida
20/06/2025;112;;;A41104;;20/06/2025 08:28:26;20/06/2025 09:12:40;;;Não Reconhecida
20/06/2025;112;;;A41104;;20/06/2025 09:15:25;;;;Não Reconhecida
20/06/2025;112;;;A41111;;20/06/2025 05:22:21;20/06/2025 05:45:03;;;Não Reconhecida
20/06/2025;112;;;A41111;;20/06/2025 05:50:06;20/06/2025 06:25:22;;;Não Reconhecida
20/06/2025;112;;;A41111;;20/06/2025 06:46:03;20/06/2025 07:18:14;;;Não Reconhecida
20/06/2025;112;;;A41111;;20/06/2025 08:06:44;20/06/2025 08:40:57;;;Não Reconhecida
20/06/2025;112;;;A41111;;20/06/2025 08:48:19;;;;Não Reconhecida
20/06/2025;112;;;A41169;;20/06/2025 06:04:57;20/06/2025 06:29:25;;;Não Reconhecida
20/06/2025;112;;;A41169;;20/06/2025 07:16:21;20/06/2025 07:45:44;;;Não Reconhecida
20/06/2025;112;;;A41169;;20/06/2025 09:01:43;;;;Não Reconhecida
20/06/2025;112;;;A41255;;20/06/2025 07:37:13;20/06/2025 08:03:44;;;Não Reconhecida
20/06/2025;112;;;A41255;;20/06/2025 09:12:51;;;;Não Reconhecida
20/06/2025;112;;;A41410;;20/06/2025 05:41:58;20/06/2025 06:05:52;;;Não Reconhecida
20/06/2025;112;;;A41410;;20/06/2025 07:06:35;20/06/2025 07:37:59;;;Não Reconhecida
20/06/2025;112;;;A41410;;20/06/2025 08:23:03;20/06/2025 08:54:40;;;Não Reconhecida
20/06/2025;112;;;A41410;;20/06/2025 08:59:28;;;;Não Reconhecida
20/06/2025;112;;;A41411;;20/06/2025 05:52:29;20/06/2025 06:19:00;;;Não Reconhecida
20/06/2025;112;;;A41411;;20/06/2025 06:23:49;20/06/2025 07:00:05;;;Não Reconhecida
20/06/2025;112;;;A41411;;20/06/2025 07:17:15;20/06/2025 07:49:56;;;Não Reconhecida
20/06/2025;112;;;A41411;;20/06/2025 07:54:14;20/06/2025 08:39:46;;;Não Reconhecida
20/06/2025;112;;;A41411;;20/06/2025 09:02:34;;;;Não Reconhecida
20/06/2025;112;;;A41455;;20/06/2025 06:56:21;20/06/2025 07:23:53;;;Não Reconhecida
20/06/2025;112;;;A41455;;20/06/2025 08:06:11;20/06/2025 08:40:25;;;Não Reconhecida
20/06/2025;112;;;A41455;;20/06/2025 08:46:15;;;;Não Reconhecida
20/06/2025;112;;;C41092;;20/06/2025 07:46:11;20/06/2025 08:13:43;;;Não Reconhecida
20/06/2025;112;;;C41092;;20/06/2025 08:17:30;20/06/2025 08:55:18;;;Não Reconhecida
20/06/2025;112;;;C41092;;20/06/2025 09:11:22;;;;Não Reconhecida
20/06/2025;163;;;A41048;;20/06/2025 05:42:56;20/06/2025 06:03:17;;;Não Reconhecida
20/06/2025;163;;;A41048;;20/06/2025 06:11:41;20/06/2025 06:28:56;;;Não Reconhecida
20/06/2025;163;;;A41048;;20/06/2025 06:39:54;20/06/2025 07:02:49;;;Não Reconhecida
20/06/2025;163;;;A41048;;20/06/2025 07:10:11;20/06/2025 07:32:32;;;Não Reconhecida
20/06/2025;163;;;A41078;;20/06/2025 05:26:04;20/06/2025 05:43:20;;;Não Reconhecida
20/06/2025;163;;;A41078;;20/06/2025 05:51:13;20/06/2025 06:07:58;;;Não Reconhecida
20/06/2025;163;;;A41078;;20/06/2025 06:29:38;20/06/2025 06:53:35;;;Não Reconhecida
20/06/2025;163;;;A41078;;20/06/2025 07:00:58;20/06/2025 07:24:25;;;Não Reconhecida
20/06/2025;163;;;A41078;;20/06/2025 07:37:57;20/06/2025 08:02:26;;;Não Reconhecida
20/06/2025;163;;;A41078;;20/06/2025 08:08:16;20/06/2025 08:27:05;;;Não Reconhecida
20/06/2025;163;;;A41078;;20/06/2025 09:10:43;;;;Não Reconhecida
20/06/2025;163;;;A41376;;20/06/2025 08:23:17;20/06/2025 08:45:43;;;Não Reconhecida
20/06/2025;163;;;A41376;;20/06/2025 08:54:06;20/06/2025 09:16:00;;;Não Reconhecida
20/06/2025;163;;;A41376;;20/06/2025 09:19:47;;;;Não Reconhecida
20/06/2025;163;;;A41447;;20/06/2025 05:00:39;20/06/2025 05:15:54;;;Não Reconhecida
20/06/2025;163;;;A41447;;20/06/2025 05:21:45;20/06/2025 05:39:02;;;Não Reconhecida
20/06/2025;163;;;A41447;;20/06/2025 06:16:12;20/06/2025 06:37:05;;;Não Reconhecida
20/06/2025;163;;;A41447;;20/06/2025 06:47:33;20/06/2025 07:08:27;;;Não Reconhecida
20/06/2025;163;;;A41447;;20/06/2025 07:20:26;20/06/2025 07:42:52;;;Não Reconhecida
20/06/2025;163;;;A41447;;20/06/2025 07:51:48;20/06/2025 08:12:39;;;Não Reconhecida
20/06/2025;163;;;A41447;;20/06/2025 08:46:14;20/06/2025 09:16:51;;;Não Reconhecida
20/06/2025;163;;;A41447;;20/06/2025 09:19:05;;;;Não Reconhecida
20/06/2025;163;;;A41458;;20/06/2025 06:06:12;20/06/2025 06:24:59;;;Não Reconhecida
20/06/2025;163;;;A41458;;20/06/2025 06:32:22;20/06/2025 06:48:36;;;Não Reconhecida
20/06/2025;163;;;A41458;;20/06/2025 07:01:06;20/06/2025 07:23:30;;;Não Reconhecida
20/06/2025;163;;;A41458;;20/06/2025 07:28:50;20/06/2025 07:47:40;;;Não Reconhecida
20/06/2025;163;;;A41458;;20/06/2025 08:02:14;20/06/2025 08:26:12;;;Não Reconhecida
20/06/2025;163;;;A41458;;20/06/2025 08:34:05;20/06/2025 08:52:23;;;Não Reconhecida
20/06/2025;163;;;A41458;;20/06/2025 09:19:16;;;;Não Reconhecida
20/06/2025;181;;;A41030;;20/06/2025 05:16:05;20/06/2025 06:11:48;;;Não Reconhecida
20/06/2025;181;;;A41454;;20/06/2025 06:33:38;20/06/2025 07:33:00;;;Não Reconhecida
20/06/2025;181;;;C41209;;20/06/2025 06:10:35;20/06/2025 07:06:57;;;Não Reconhecida
20/06/2025;222;;;A41046;;20/06/2025 05:43:10;20/06/2025 06:06:08;;;Não Reconhecida
20/06/2025;222;;;A41046;;20/06/2025 06:21:14;20/06/2025 06:52:27;;;Não Reconhecida
20/06/2025;222;;;A41046;;20/06/2025 07:21:20;20/06/2025 07:57:07;;;Não Reconhecida
20/06/2025;222;;;A41046;;20/06/2025 08:19:54;20/06/2025 08:56:46;;;Não Reconhecida
20/06/2025;222;;;A41046;;20/06/2025 09:01:04;;;;Não Reconhecida
20/06/2025;309;;;A41030;;20/06/2025 07:24:52;20/06/2025 09:00:10;;;Não Reconhecida
20/06/2025;309;;;A41030;;20/06/2025 09:15:44;;;;Não Reconhecida
20/06/2025;309;;;A41125;;20/06/2025 05:25:05;20/06/2025 06:36:44;;;Não Reconhecida
20/06/2025;309;;;A41125;;20/06/2025 06:51:49;20/06/2025 08:15:48;;;Não Reconhecida
20/06/2025;309;;;A41125;;20/06/2025 08:59:09;;;;Não Reconhecida
20/06/2025;309;;;A41200;;20/06/2025 04:31:31;20/06/2025 05:29:12;;;Não Reconhecida
20/06/2025;309;;;A41200;;20/06/2025 05:36:16;20/06/2025 06:49:31;;;Não Reconhecida
20/06/2025;309;;;A41200;;20/06/2025 07:05:07;20/06/2025 08:42:57;;;Não Reconhecida
20/06/2025;309;;;A41200;;20/06/2025 09:13:18;;;;Não Reconhecida
20/06/2025;309;;;A41253;;20/06/2025 06:08:54;20/06/2025 07:36:37;;;Não Reconhecida
20/06/2025;309;;;A41253;;20/06/2025 07:41:51;20/06/2025 09:05:31;;;Não Reconhecida
20/06/2025;309;;;A41253;;20/06/2025 09:14:31;;;;Não Reconhecida
20/06/2025;309;;;A41284;;20/06/2025 06:22:45;20/06/2025 08:03:41;;;Não Reconhecida
20/06/2025;309;;;A41284;;20/06/2025 08:12:05;;;;Não Reconhecida
20/06/2025;309;;;A41377;;20/06/2025 06:55:08;20/06/2025 08:41:04;;;Não Reconhecida
20/06/2025;309;;;A41377;;20/06/2025 08:50:31;;;;Não Reconhecida
20/06/2025;309;;;A41379;;20/06/2025 06:17:23;20/06/2025 07:39:08;;;Não Reconhecida
20/06/2025;309;;;A41379;;20/06/2025 07:54:03;;;;Não Reconhecida
20/06/2025;309;;;A41436;;20/06/2025 04:41:11;20/06/2025 05:33:26;;;Não Reconhecida
20/06/2025;309;;;A41436;;20/06/2025 05:45:56;20/06/2025 06:57:39;;;Não Reconhecida
20/06/2025;309;;;A41436;;20/06/2025 07:12:13;20/06/2025 08:49:38;;;Não Reconhecida
20/06/2025;309;;;A41436;;20/06/2025 09:01:06;;;;Não Reconhecida
20/06/2025;309;;;A41442;;20/06/2025 09:19:10;;;;Não Reconhecida
20/06/2025;309;;;A41454;;20/06/2025 09:07:40;;;;Não Reconhecida
20/06/2025;309;;;A41457;;20/06/2025 06:31:00;20/06/2025 08:16:02;;;Não Reconhecida
20/06/2025;309;;;A41457;;20/06/2025 08:25:51;;;;Não Reconhecida
20/06/2025;309;;;A41462;;20/06/2025 05:48:51;20/06/2025 07:06:31;;;Não Reconhecida
20/06/2025;309;;;A41462;;20/06/2025 07:14:38;20/06/2025 08:41:54;;;Não Reconhecida
20/06/2025;309;;;A41462;;20/06/2025 09:19:11;;;;Não Reconhecida
20/06/2025;309;;;A41465;;20/06/2025 05:17:12;20/06/2025 06:33:51;;;Não Reconhecida
20/06/2025;309;;;A41465;;20/06/2025 06:43:29;20/06/2025 08:06:30;;;Não Reconhecida
20/06/2025;309;;;A41465;;20/06/2025 08:39:03;;;;Não Reconhecida
20/06/2025;309;;;A41466;;20/06/2025 06:14:19;20/06/2025 07:36:45;;;Não Reconhecida
20/06/2025;309;;;A41466;;20/06/2025 07:42:36;20/06/2025 09:01:26;;;Não Reconhecida
20/06/2025;309;;;A41466;;20/06/2025 09:19:06;;;;Não Reconhecida
20/06/2025;309;;;C41010;;20/06/2025 04:11:18;20/06/2025 05:00:44;;;Não Reconhecida
20/06/2025;309;;;C41010;;20/06/2025 05:13:57;20/06/2025 06:16:54;;;Não Reconhecida
20/06/2025;309;;;C41010;;20/06/2025 06:50:03;20/06/2025 08:29:45;;;Não Reconhecida
20/06/2025;309;;;C41010;;20/06/2025 08:36:47;;;;Não Reconhecida
20/06/2025;309;;;C41021;;20/06/2025 07:40:17;20/06/2025 09:19:11;;;Não Reconhecida
20/06/2025;309;;;C41021;;20/06/2025 09:19:22;;;;Não Reconhecida
20/06/2025;309;;;C41045;;20/06/2025 05:45:06;20/06/2025 07:11:11;;;Não Reconhecida
20/06/2025;309;;;C41045;;20/06/2025 07:24:53;20/06/2025 09:00:36;;;Não Reconhecida
20/06/2025;309;;;C41045;;20/06/2025 09:19:16;;;;Não Reconhecida
20/06/2025;309;;;C41054;;20/06/2025 09:19:02;;;;Não Reconhecida
20/06/2025;309;;;C41089;;20/06/2025 06:49:59;20/06/2025 08:05:29;;;Não Reconhecida
20/06/2025;309;;;C41089;;20/06/2025 08:29:50;;;;Não Reconhecida
20/06/2025;309;;;C41160;;20/06/2025 05:56:24;20/06/2025 07:12:55;;;Não Reconhecida
20/06/2025;309;;;C41160;;20/06/2025 07:26:30;20/06/2025 08:53:24;;;Não Reconhecida
20/06/2025;309;;;C41160;;20/06/2025 09:15:30;;;;Não Reconhecida
20/06/2025;309;;;C41161;;20/06/2025 05:34:30;20/06/2025 06:41:06;;;Não Reconhecida
20/06/2025;309;;;C41161;;20/06/2025 06:43:21;20/06/2025 07:57:10;;;Não Reconhecida
20/06/2025;309;;;C41161;;20/06/2025 08:10:11;;;;Não Reconhecida
20/06/2025;309;;;C41215;;20/06/2025 05:03:08;20/06/2025 06:08:26;;;Não Reconhecida
20/06/2025;309;;;C41215;;20/06/2025 06:21:40;20/06/2025 07:46:12;;;Não Reconhecida
20/06/2025;309;;;C41215;;20/06/2025 07:59:13;;;;Não Reconhecida
20/06/2025;309;;;C41244;;20/06/2025 05:31:34;20/06/2025 06:54:51;;;Não Reconhecida
20/06/2025;309;;;C41244;;20/06/2025 07:07:04;20/06/2025 08:35:09;;;Não Reconhecida
20/06/2025;309;;;C41244;;20/06/2025 09:12:47;;;;Não Reconhecida
20/06/2025;309;;;C41332;;20/06/2025 05:10:23;20/06/2025 06:09:35;;;Não Reconhecida
20/06/2025;309;;;C41332;;20/06/2025 06:21:59;20/06/2025 07:45:50;;;Não Reconhecida
20/06/2025;309;;;C41332;;20/06/2025 08:04:30;;;;Não Reconhecida
20/06/2025;309;;;C41341;;20/06/2025 07:30:42;;;;Não Reconhecida
20/06/2025;309;;;C41349;;20/06/2025 04:49:10;20/06/2025 05:44:29;;;Não Reconhecida
20/06/2025;309;;;C41349;;20/06/2025 05:50:18;20/06/2025 06:59:56;;;Não Reconhecida
20/06/2025;309;;;C41349;;20/06/2025 07:18:05;20/06/2025 08:59:33;;;Não Reconhecida
20/06/2025;309;;;C41349;;20/06/2025 09:05:54;;;;Não Reconhecida
20/06/2025;309;;;C41356;;20/06/2025 05:41:13;20/06/2025 06:50:04;;;Não Reconhecida
20/06/2025;309;;;C41356;;20/06/2025 07:08:44;20/06/2025 08:37:05;;;Não Reconhecida
20/06/2025;309;;;C41356;;20/06/2025 09:18:51;;;;Não Reconhecida
20/06/2025;309;;;C41366;;20/06/2025 06:35:39;20/06/2025 08:14:03;;;Não Reconhecida
20/06/2025;309;;;C41366;;20/06/2025 08:24:00;;;;Não Reconhecida
20/06/2025;309;;;C41371;;20/06/2025 04:21:27;20/06/2025 05:17:30;;;Não Reconhecida
20/06/2025;309;;;C41371;;20/06/2025 05:29:00;20/06/2025 06:33:40;;;Não Reconhecida
20/06/2025;309;;;C41371;;20/06/2025 06:57:59;20/06/2025 08:35:46;;;Não Reconhecida
20/06/2025;309;;;C41371;;20/06/2025 08:46:04;;;;Não Reconhecida
20/06/2025;309;;;C41372;;20/06/2025 06:28:57;20/06/2025 07:59:30;;;Não Reconhecida
20/06/2025;309;;;C41372;;20/06/2025 08:20:44;;;;Não Reconhecida
20/06/2025;309;;;C41380;;20/06/2025 04:02:15;20/06/2025 04:56:48;;;Não Reconhecida
20/06/2025;309;;;C41380;;20/06/2025 05:03:51;20/06/2025 06:05:19;;;Não Reconhecida
20/06/2025;309;;;C41380;;20/06/2025 06:42:30;20/06/2025 08:29:07;;;Não Reconhecida
20/06/2025;309;;;C41380;;20/06/2025 08:37:00;;;;Não Reconhecida
20/06/2025;309;;;C41384;;20/06/2025 06:02:56;20/06/2025 07:21:48;;;Não Reconhecida
20/06/2025;309;;;C41384;;20/06/2025 07:31:13;20/06/2025 08:53:42;;;Não Reconhecida
20/06/2025;309;;;C41384;;20/06/2025 09:19:36;;;;Não Reconhecida
20/06/2025;309;;;C41388;;20/06/2025 05:51:08;20/06/2025 07:02:24;;;Não Reconhecida
20/06/2025;309;;;C41388;;20/06/2025 07:17:33;20/06/2025 08:41:34;;;Não Reconhecida
20/06/2025;309;;;C41388;;20/06/2025 09:14:14;;;;Não Reconhecida
20/06/2025;309;;;C41399;;20/06/2025 04:56:14;20/06/2025 06:03:11;;;Não Reconhecida
20/06/2025;309;;;C41399;;20/06/2025 06:17:20;20/06/2025 07:43:40;;;Não Reconhecida
20/06/2025;309;;;C41399;;20/06/2025 07:52:05;;;;Não Reconhecida
20/06/2025;315;;;A41082;;20/06/2025 08:09:14;;;;Não Reconhecida
20/06/2025;315;;;A41140;;20/06/2025 07:41:02;20/06/2025 09:11:46;;;Não Reconhecida
20/06/2025;315;;;A41140;;20/06/2025 09:19:08;;;;Não Reconhecida
20/06/2025;315;;;A41252;;20/06/2025 09:02:01;;;;Não Reconhecida
20/06/2025;315;;;A41322;;20/06/2025 08:49:01;;;;Não Reconhecida
20/06/2025;315;;;C41081;;20/06/2025 04:01:32;20/06/2025 04:54:31;;;Não Reconhecida
20/06/2025;315;;;C41081;;20/06/2025 04:59:04;20/06/2025 06:02:04;;;Não Reconhecida
20/06/2025;315;;;C41112;;20/06/2025 04:49:48;20/06/2025 06:12:20;;;Não Reconhecida
20/06/2025;315;;;C41112;;20/06/2025 06:20:21;20/06/2025 07:29:59;;;Não Reconhecida
20/06/2025;315;;;C41112;;20/06/2025 08:10:14;;;;Não Reconhecida
20/06/2025;315;;;C41185;;20/06/2025 05:38:31;20/06/2025 06:59:29;;;Não Reconhecida
20/06/2025;315;;;C41185;;20/06/2025 07:05:19;20/06/2025 08:30:21;;;Não Reconhecida
20/06/2025;315;;;C41185;;20/06/2025 09:05:58;;;;Não Reconhecida
20/06/2025;315;;;C41236;;20/06/2025 05:24:15;20/06/2025 06:34:32;;;Não Reconhecida
20/06/2025;315;;;C41236;;20/06/2025 06:43:27;20/06/2025 07:52:05;;;Não Reconhecida
20/06/2025;315;;;C41236;;20/06/2025 08:33:22;;;;Não Reconhecida
20/06/2025;315;;;C41247;;20/06/2025 04:59:49;20/06/2025 06:09:27;;;Não Reconhecida
20/06/2025;315;;;C41247;;20/06/2025 06:14:46;20/06/2025 07:24:52;;;Não Reconhecida
20/06/2025;315;;;C41325;;20/06/2025 05:47:44;20/06/2025 07:08:15;;;Não Reconhecida
20/06/2025;315;;;C41325;;20/06/2025 07:19:13;20/06/2025 08:41:49;;;Não Reconhecida
20/06/2025;315;;;C41325;;20/06/2025 09:19:31;;;;Não Reconhecida
20/06/2025;315;;;C41348;;20/06/2025 04:40:28;20/06/2025 05:38:42;;;Não Reconhecida
20/06/2025;315;;;C41348;;20/06/2025 05:54:16;20/06/2025 07:11:49;;;Não Reconhecida
20/06/2025;315;;;C41348;;20/06/2025 07:31:27;20/06/2025 08:46:26;;;Não Reconhecida
20/06/2025;315;;;C41348;;20/06/2025 09:19:27;;;;Não Reconhecida
20/06/2025;315;;;C41350;;20/06/2025 04:30:58;20/06/2025 05:31:54;;;Não Reconhecida
20/06/2025;315;;;C41350;;20/06/2025 05:45:26;20/06/2025 07:02:19;;;Não Reconhecida
20/06/2025;315;;;C41350;;20/06/2025 07:19:58;20/06/2025 08:44:36;;;Não Reconhecida
20/06/2025;315;;;C41350;;20/06/2025 09:19:43;;;;Não Reconhecida
20/06/2025;315;;;C41361;;20/06/2025 06:35:52;20/06/2025 07:47:33;;;Não Reconhecida
20/06/2025;315;;;C41361;;20/06/2025 08:18:32;;;;Não Reconhecida
20/06/2025;315;;;C41367;;20/06/2025 05:18:31;20/06/2025 06:35:23;;;Não Reconhecida
20/06/2025;315;;;C41367;;20/06/2025 06:39:40;20/06/2025 07:50:53;;;Não Reconhecida
20/06/2025;315;;;C41367;;20/06/2025 08:47:34;;;;Não Reconhecida
20/06/2025;315;;;C41373;;20/06/2025 06:07:56;20/06/2025 07:27:48;;;Não Reconhecida
20/06/2025;315;;;C41373;;20/06/2025 07:58:16;20/06/2025 09:09:57;;;Não Reconhecida
20/06/2025;315;;;C41373;;20/06/2025 09:19:22;;;;Não Reconhecida
20/06/2025;315;;;C41374;;20/06/2025 07:50:45;20/06/2025 09:13:46;;;Não Reconhecida
20/06/2025;315;;;C41374;;20/06/2025 09:19:36;;;;Não Reconhecida
20/06/2025;315;;;C41382;;20/06/2025 06:21:41;20/06/2025 07:25:43;;;Não Reconhecida
20/06/2025;315;;;C41382;;20/06/2025 07:45:25;20/06/2025 09:01:49;;;Não Reconhecida
20/06/2025;315;;;C41382;;20/06/2025 09:19:28;;;;Não Reconhecida
20/06/2025;315;;;C41383;;20/06/2025 06:19:18;20/06/2025 07:25:00;;;Não Reconhecida
20/06/2025;315;;;C41383;;20/06/2025 07:40:07;20/06/2025 09:00:47;;;Não Reconhecida
20/06/2025;315;;;C41383;;20/06/2025 09:19:27;;;;Não Reconhecida
20/06/2025;315;;;C41385;;20/06/2025 03:40:29;20/06/2025 04:43:55;;;Não Reconhecida
20/06/2025;315;;;C41385;;20/06/2025 04:47:09;20/06/2025 05:56:26;;;Não Reconhecida
20/06/2025;315;;;C41385;;20/06/2025 06:28:26;20/06/2025 07:41:55;;;Não Reconhecida
20/06/2025;315;;;C41385;;20/06/2025 08:09:16;20/06/2025 09:17:07;;;Não Reconhecida
20/06/2025;315;;;C41385;;20/06/2025 09:18:19;;;;Não Reconhecida
20/06/2025;315;;;C41386;;20/06/2025 05:08:26;20/06/2025 06:31:28;;;Não Reconhecida
20/06/2025;315;;;C41386;;20/06/2025 06:39:52;20/06/2025 07:48:25;;;Não Reconhecida
20/06/2025;315;;;C41386;;20/06/2025 08:19:56;;;;Não Reconhecida
20/06/2025;315;;;C41390;;20/06/2025 04:11:40;20/06/2025 05:15:39;;;Não Reconhecida
20/06/2025;315;;;C41390;;20/06/2025 05:19:56;20/06/2025 06:34:42;;;Não Reconhecida
20/06/2025;315;;;C41390;;20/06/2025 07:03:40;20/06/2025 08:22:04;;;Não Reconhecida
20/06/2025;315;;;C41390;;20/06/2025 09:10:05;;;;Não Reconhecida
20/06/2025;315;;;C41395;;20/06/2025 03:50:28;20/06/2025 04:45:55;;;Não Reconhecida
20/06/2025;315;;;C41395;;20/06/2025 04:54:50;20/06/2025 05:56:44;;;Não Reconhecida
20/06/2025;315;;;C41395;;20/06/2025 06:45:42;20/06/2025 07:58:36;;;Não Reconhecida
20/06/2025;315;;;C41395;;20/06/2025 08:40:23;;;;Não Reconhecida
20/06/2025;315;;;C41398;;20/06/2025 05:59:27;20/06/2025 07:21:52;;;Não Reconhecida
20/06/2025;315;;;C41398;;20/06/2025 07:30:09;20/06/2025 08:43:28;;;Não Reconhecida
20/06/2025;315;;;C41398;;20/06/2025 09:19:07;;;;Não Reconhecida
20/06/2025;440;;;A41245;;20/06/2025 06:50:44;20/06/2025 08:06:51;;;Não Reconhecida
20/06/2025;443;;;A41203;;20/06/2025 05:30:57;20/06/2025 06:13:25;;;Não Reconhecida
20/06/2025;443;;;A41451;;20/06/2025 05:47:23;20/06/2025 06:32:26;;;Não Reconhecida
20/06/2025;443;;;C41331;;20/06/2025 06:04:45;20/06/2025 06:57:06;;;Não Reconhecida
20/06/2025;444;;;A41248;;20/06/2025 05:06:18;20/06/2025 06:16:00;;;Não Reconhecida
20/06/2025;460;;;A41073;;20/06/2025 04:07:02;20/06/2025 04:34:05;;;Não Reconhecida
20/06/2025;460;;;A41073;;20/06/2025 04:34:46;20/06/2025 04:51:02;;;Não Reconhecida
20/06/2025;460;;;A41073;;20/06/2025 05:19:27;20/06/2025 05:44:29;;;Não Reconhecida
20/06/2025;460;;;A41073;;20/06/2025 05:45:10;20/06/2025 06:00:24;;;Não Reconhecida
20/06/2025;460;;;A41073;;20/06/2025 06:13:26;20/06/2025 06:38:53;;;Não Reconhecida
20/06/2025;460;;;A41073;;20/06/2025 06:39:04;20/06/2025 06:56:21;;;Não Reconhecida
20/06/2025;460;;;A41073;;20/06/2025 07:03:43;20/06/2025 07:34:21;;;Não Reconhecida
20/06/2025;460;;;A41073;;20/06/2025 07:35:03;20/06/2025 07:51:49;;;Não Reconhecida
20/06/2025;460;;;A41073;;20/06/2025 08:06:23;20/06/2025 08:41:38;;;Não Reconhecida
20/06/2025;460;;;A41073;;20/06/2025 08:42:20;20/06/2025 09:03:43;;;Não Reconhecida
20/06/2025;460;;;A41073;;20/06/2025 09:19:18;;;;Não Reconhecida
20/06/2025;460;;;A41086;;20/06/2025 04:52:15;20/06/2025 05:15:12;;;Não Reconhecida
20/06/2025;460;;;A41086;;20/06/2025 05:15:23;20/06/2025 05:33:11;;;Não Reconhecida
20/06/2025;460;;;A41086;;20/06/2025 05:48:16;20/06/2025 06:13:47;;;Não Reconhecida
20/06/2025;460;;;A41086;;20/06/2025 06:14:29;20/06/2025 06:32:14;;;Não Reconhecida
20/06/2025;460;;;A41086;;20/06/2025 06:38:35;20/06/2025 07:11:48;;;Não Reconhecida
20/06/2025;460;;;A41086;;20/06/2025 07:12:29;20/06/2025 07:31:50;;;Não Reconhecida
20/06/2025;460;;;A41086;;20/06/2025 07:40:14;20/06/2025 08:13:59;;;Não Reconhecida
20/06/2025;460;;;A41086;;20/06/2025 08:15:12;20/06/2025 08:33:30;;;Não Reconhecida
20/06/2025;460;;;A41086;;20/06/2025 08:42:25;20/06/2025 09:19:15;;;Não Reconhecida
20/06/2025;460;;;A41086;;20/06/2025 09:19:26;;;;Não Reconhecida
20/06/2025;460;;;A41126;;20/06/2025 05:05:46;20/06/2025 05:29:12;;;Não Reconhecida
20/06/2025;460;;;A41126;;20/06/2025 05:29:23;20/06/2025 05:45:07;;;Não Reconhecida
20/06/2025;460;;;A41126;;20/06/2025 06:01:45;20/06/2025 06:26:44;;;Não Reconhecida
20/06/2025;460;;;A41126;;20/06/2025 06:27:56;20/06/2025 06:46:45;;;Não Reconhecida
20/06/2025;460;;;A41126;;20/06/2025 06:55:08;20/06/2025 07:28:22;;;Não Reconhecida
20/06/2025;460;;;A41126;;20/06/2025 07:29:04;20/06/2025 07:48:54;;;Não Reconhecida
20/06/2025;460;;;A41126;;20/06/2025 07:55:46;20/06/2025 08:26:52;;;Não Reconhecida
20/06/2025;460;;;A41126;;20/06/2025 08:28:05;20/06/2025 08:43:18;;;Não Reconhecida
20/06/2025;460;;;A41126;;20/06/2025 09:18:24;;;;Não Reconhecida
20/06/2025;460;;;A41203;;20/06/2025 06:42:23;20/06/2025 07:11:32;;;Não Reconhecida
20/06/2025;460;;;A41203;;20/06/2025 07:12:44;20/06/2025 07:31:35;;;Não Reconhecida
20/06/2025;460;;;A41203;;20/06/2025 07:40:00;20/06/2025 08:12:44;;;Não Reconhecida
20/06/2025;460;;;A41203;;20/06/2025 08:13:26;20/06/2025 08:34:19;;;Não Reconhecida
20/06/2025;460;;;A41203;;20/06/2025 08:41:42;;;;Não Reconhecida
20/06/2025;460;;;A41245;;20/06/2025 08:26:11;20/06/2025 08:50:07;;;Não Reconhecida
20/06/2025;460;;;A41256;;20/06/2025 04:24:19;20/06/2025 04:45:57;;;Não Reconhecida
20/06/2025;460;;;A41256;;20/06/2025 04:46:08;20/06/2025 05:04:43;;;Não Reconhecida
20/06/2025;460;;;A41256;;20/06/2025 05:29:03;20/06/2025 05:55:18;;;Não Reconhecida
20/06/2025;460;;;A41256;;20/06/2025 05:56:31;20/06/2025 06:14:10;;;Não Reconhecida
20/06/2025;460;;;A41256;;20/06/2025 06:20:57;20/06/2025 06:50:54;;;Não Reconhecida
20/06/2025;460;;;A41256;;20/06/2025 06:52:07;20/06/2025 07:10:48;;;Não Reconhecida
20/06/2025;460;;;A41256;;20/06/2025 07:19:06;20/06/2025 07:51:03;;;Não Reconhecida
20/06/2025;460;;;A41256;;20/06/2025 07:51:44;20/06/2025 08:07:20;;;Não Reconhecida
20/06/2025;460;;;A41256;;20/06/2025 09:07:14;;;;Não Reconhecida
20/06/2025;460;;;A41281;;20/06/2025 04:39:08;20/06/2025 05:06:40;;;Não Reconhecida
20/06/2025;460;;;A41281;;20/06/2025 05:06:51;20/06/2025 05:25:40;;;Não Reconhecida
20/06/2025;460;;;A41281;;20/06/2025 05:39:42;20/06/2025 06:09:18;;;Não Reconhecida
20/06/2025;460;;;A41281;;20/06/2025 06:11:01;20/06/2025 06:28:49;;;Não Reconhecida
20/06/2025;460;;;A41281;;20/06/2025 06:33:07;20/06/2025 07:11:58;;;Não Reconhecida
20/06/2025;460;;;A41281;;20/06/2025 07:12:39;20/06/2025 07:34:34;;;Não Reconhecida
20/06/2025;460;;;A41281;;20/06/2025 07:40:24;20/06/2025 08:14:36;;;Não Reconhecida
20/06/2025;460;;;A41281;;20/06/2025 08:15:18;20/06/2025 08:35:40;;;Não Reconhecida
20/06/2025;460;;;A41281;;20/06/2025 08:47:09;;;;Não Reconhecida
20/06/2025;460;;;A41334;;20/06/2025 05:01:15;20/06/2025 05:28:16;;;Não Reconhecida
20/06/2025;460;;;A41334;;20/06/2025 05:28:58;20/06/2025 05:44:42;;;Não Reconhecida
20/06/2025;460;;;A41334;;20/06/2025 05:53:37;20/06/2025 06:17:34;;;Não Reconhecida
20/06/2025;460;;;A41334;;20/06/2025 06:18:16;20/06/2025 06:33:31;;;Não Reconhecida
20/06/2025;460;;;A41334;;20/06/2025 06:49:06;20/06/2025 07:17:40;;;Não Reconhecida
20/06/2025;460;;;A41334;;20/06/2025 07:18:21;20/06/2025 07:38:44;;;Não Reconhecida
20/06/2025;460;;;A41334;;20/06/2025 07:47:08;20/06/2025 08:19:49;;;Não Reconhecida
20/06/2025;460;;;A41334;;20/06/2025 08:20:31;20/06/2025 08:40:21;;;Não Reconhecida
20/06/2025;460;;;A41334;;20/06/2025 09:19:23;;;;Não Reconhecida
20/06/2025;460;;;A41368;;20/06/2025 05:13:35;20/06/2025 05:41:40;;;Não Reconhecida
20/06/2025;460;;;A41368;;20/06/2025 05:42:53;20/06/2025 06:01:13;;;Não Reconhecida
20/06/2025;460;;;A41368;;20/06/2025 06:07:03;20/06/2025 06:37:11;;;Não Reconhecida
20/06/2025;460;;;A41368;;20/06/2025 06:38:55;20/06/2025 06:56:44;;;Não Reconhecida
20/06/2025;460;;;A41368;;20/06/2025 07:05:08;20/06/2025 07:34:17;;;Não Reconhecida
20/06/2025;460;;;A41368;;20/06/2025 07:34:59;20/06/2025 07:52:16;;;Não Reconhecida
20/06/2025;460;;;A41368;;20/06/2025 08:00:09;20/06/2025 08:34:55;;;Não Reconhecida
20/06/2025;460;;;A41368;;20/06/2025 08:35:37;20/06/2025 08:53:24;;;Não Reconhecida
20/06/2025;460;;;A41368;;20/06/2025 09:03:21;;;;Não Reconhecida
20/06/2025;460;;;A41449;;20/06/2025 04:19:31;20/06/2025 04:43:27;;;Não Reconhecida
20/06/2025;460;;;A41449;;20/06/2025 04:44:09;20/06/2025 04:59:22;;;Não Reconhecida
20/06/2025;460;;;A41449;;20/06/2025 05:24:44;20/06/2025 05:46:38;;;Não Reconhecida
20/06/2025;460;;;A41449;;20/06/2025 05:48:23;20/06/2025 06:03:05;;;Não Reconhecida
20/06/2025;460;;;A41449;;20/06/2025 06:14:34;20/06/2025 06:41:37;;;Não Reconhecida
20/06/2025;460;;;A41449;;20/06/2025 06:41:50;20/06/2025 06:58:32;;;Não Reconhecida
20/06/2025;460;;;A41449;;20/06/2025 07:09:00;20/06/2025 07:39:35;;;Não Reconhecida
20/06/2025;460;;;A41449;;20/06/2025 07:40:17;20/06/2025 07:59:35;;;Não Reconhecida
20/06/2025;460;;;A41449;;20/06/2025 08:12:05;20/06/2025 08:45:48;;;Não Reconhecida
20/06/2025;460;;;A41449;;20/06/2025 08:46:30;20/06/2025 09:13:03;;;Não Reconhecida
20/06/2025;460;;;A41449;;20/06/2025 09:18:22;;;;Não Reconhecida
20/06/2025;460;;;A41451;;20/06/2025 07:12:42;20/06/2025 07:43:53;;;Não Reconhecida
20/06/2025;460;;;A41451;;20/06/2025 07:44:10;20/06/2025 08:02:54;;;Não Reconhecida
20/06/2025;460;;;A41451;;20/06/2025 09:18:12;;;;Não Reconhecida
20/06/2025;460;;;A41460;;20/06/2025 04:56:20;20/06/2025 05:26:59;;;Não Reconhecida
20/06/2025;460;;;A41460;;20/06/2025 05:28:12;20/06/2025 05:48:02;;;Não Reconhecida
20/06/2025;460;;;A41460;;20/06/2025 05:55:54;20/06/2025 06:25:32;;;Não Reconhecida
20/06/2025;460;;;A41460;;20/06/2025 06:27:15;20/06/2025 06:48:39;;;Não Reconhecida
20/06/2025;460;;;A41460;;20/06/2025 06:56:01;20/06/2025 07:32:49;;;Não Reconhecida
20/06/2025;460;;;A41460;;20/06/2025 07:33:31;20/06/2025 07:53:22;;;Não Reconhecida
20/06/2025;460;;;A41460;;20/06/2025 08:03:49;20/06/2025 08:43:12;;;Não Reconhecida
20/06/2025;460;;;A41460;;20/06/2025 08:44:24;20/06/2025 09:05:17;;;Não Reconhecida
20/06/2025;460;;;A41460;;20/06/2025 09:18:19;;;;Não Reconhecida
20/06/2025;460;;;C41234;;20/06/2025 04:30:54;20/06/2025 04:54:20;;;Não Reconhecida
20/06/2025;460;;;C41234;;20/06/2025 04:55:02;20/06/2025 05:09:44;;;Não Reconhecida
20/06/2025;460;;;C41234;;20/06/2025 05:33:02;20/06/2025 06:00:35;;;Não Reconhecida
20/06/2025;460;;;C41234;;20/06/2025 06:01:47;20/06/2025 06:18:32;;;Não Reconhecida
20/06/2025;460;;;C41234;;20/06/2025 06:28:58;20/06/2025 06:56:30;;;Não Reconhecida
20/06/2025;460;;;C41234;;20/06/2025 06:57:43;20/06/2025 07:16:00;;;Não Reconhecida
20/06/2025;460;;;C41234;;20/06/2025 07:20:17;20/06/2025 07:50:54;;;Não Reconhecida
20/06/2025;460;;;C41234;;20/06/2025 07:51:07;20/06/2025 08:08:50;;;Não Reconhecida
20/06/2025;460;;;C41234;;20/06/2025 09:06:49;;;;Não Reconhecida
20/06/2025;460;;;C41344;;20/06/2025 04:46:12;20/06/2025 05:13:13;;;Não Reconhecida
20/06/2025;460;;;C41344;;20/06/2025 05:13:39;20/06/2025 05:31:11;;;Não Reconhecida
20/06/2025;460;;;C41344;;20/06/2025 05:42:40;20/06/2025 06:08:07;;;Não Reconhecida
20/06/2025;460;;;C41344;;20/06/2025 06:08:48;20/06/2025 06:26:35;;;Não Reconhecida
20/06/2025;460;;;C41344;;20/06/2025 06:33:26;20/06/2025 06:59:56;;;Não Reconhecida
20/06/2025;460;;;C41344;;20/06/2025 07:00:38;20/06/2025 07:16:52;;;Não Reconhecida
20/06/2025;460;;;C41344;;20/06/2025 07:26:48;20/06/2025 08:01:00;;;Não Reconhecida
20/06/2025;460;;;C41344;;20/06/2025 08:02:12;20/06/2025 08:23:34;;;Não Reconhecida
20/06/2025;460;;;C41344;;20/06/2025 09:13:03;;;;Não Reconhecida
20/06/2025;463;;;A41006;;20/06/2025 05:12:41;20/06/2025 05:37:09;;;Não Reconhecida
20/06/2025;463;;;A41006;;20/06/2025 05:44:32;20/06/2025 06:00:47;;;Não Reconhecida
20/06/2025;463;;;A41006;;20/06/2025 06:14:19;20/06/2025 06:38:16;;;Não Reconhecida
20/06/2025;463;;;A41006;;20/06/2025 06:45:07;20/06/2025 07:01:53;;;Não Reconhecida
20/06/2025;463;;;A41006;;20/06/2025 07:15:25;20/06/2025 07:39:22;;;Não Reconhecida
20/06/2025;463;;;A41006;;20/06/2025 07:47:46;20/06/2025 08:06:04;;;Não Reconhecida
20/06/2025;463;;;A41006;;20/06/2025 08:16:31;20/06/2025 08:45:04;;;Não Reconhecida
20/06/2025;463;;;A41006;;20/06/2025 08:51:55;20/06/2025 09:16:53;;;Não Reconhecida
20/06/2025;463;;;A41006;;20/06/2025 09:17:35;;;;Não Reconhecida
20/06/2025;463;;;A41007;;20/06/2025 04:51:28;20/06/2025 05:15:23;;;Não Reconhecida
20/06/2025;463;;;A41007;;20/06/2025 05:22:13;20/06/2025 05:40:28;;;Não Reconhecida
20/06/2025;463;;;A41007;;20/06/2025 06:01:40;20/06/2025 06:25:36;;;Não Reconhecida
20/06/2025;463;;;A41007;;20/06/2025 06:30:23;20/06/2025 06:47:38;;;Não Reconhecida
20/06/2025;463;;;A41007;;20/06/2025 07:01:12;20/06/2025 07:25:36;;;Não Reconhecida
20/06/2025;463;;;A41007;;20/06/2025 07:30:24;20/06/2025 07:52:15;;;Não Reconhecida
20/06/2025;463;;;A41007;;20/06/2025 08:07:21;20/06/2025 08:37:23;;;Não Reconhecida
20/06/2025;463;;;A41007;;20/06/2025 08:49:21;20/06/2025 09:14:16;;;Não Reconhecida
20/06/2025;463;;;A41007;;20/06/2025 09:19:03;;;;Não Reconhecida
20/06/2025;463;;;A41017;;20/06/2025 05:23:14;20/06/2025 05:45:08;;;Não Reconhecida
20/06/2025;463;;;A41017;;20/06/2025 05:52:00;20/06/2025 06:10:18;;;Não Reconhecida
20/06/2025;463;;;A41017;;20/06/2025 06:23:50;20/06/2025 06:48:19;;;Não Reconhecida
20/06/2025;463;;;A41017;;20/06/2025 06:54:09;20/06/2025 07:13:27;;;Não Reconhecida
20/06/2025;463;;;A41017;;20/06/2025 07:27:30;20/06/2025 07:54:02;;;Não Reconhecida
20/06/2025;463;;;A41017;;20/06/2025 08:00:53;20/06/2025 08:21:47;;;Não Reconhecida
20/06/2025;463;;;A41017;;20/06/2025 08:38:25;20/06/2025 09:10:36;;;Não Reconhecida
20/06/2025;463;;;A41017;;20/06/2025 09:17:26;;;;Não Reconhecida
20/06/2025;463;;;A41103;;20/06/2025 04:40:42;20/06/2025 05:04:08;;;Não Reconhecida
20/06/2025;463;;;A41103;;20/06/2025 05:10:29;20/06/2025 05:25:41;;;Não Reconhecida
20/06/2025;463;;;A41103;;20/06/2025 05:54:37;20/06/2025 06:21:09;;;Não Reconhecida
20/06/2025;463;;;A41103;;20/06/2025 06:25:27;20/06/2025 06:45:18;;;Não Reconhecida
20/06/2025;463;;;A41103;;20/06/2025 06:54:12;20/06/2025 07:20:09;;;Não Reconhecida
20/06/2025;463;;;A41103;;20/06/2025 07:27:31;20/06/2025 07:47:52;;;Não Reconhecida
20/06/2025;463;;;A41103;;20/06/2025 07:59:21;20/06/2025 08:26:21;;;Não Reconhecida
20/06/2025;463;;;A41103;;20/06/2025 08:32:11;20/06/2025 08:52:01;;;Não Reconhecida
20/06/2025;463;;;A41103;;20/06/2025 09:19:25;;;;Não Reconhecida
20/06/2025;463;;;A41176;;20/06/2025 05:44:36;20/06/2025 06:07:03;;;Não Reconhecida
20/06/2025;463;;;A41176;;20/06/2025 06:12:23;20/06/2025 06:34:20;;;Não Reconhecida
20/06/2025;463;;;A41176;;20/06/2025 06:42:14;20/06/2025 07:09:22;;;Não Reconhecida
20/06/2025;463;;;A41176;;20/06/2025 07:16:15;20/06/2025 07:38:43;;;Não Reconhecida
20/06/2025;463;;;A41176;;20/06/2025 07:49:43;20/06/2025 08:15:46;;;Não Reconhecida
20/06/2025;463;;;A41176;;20/06/2025 08:23:39;20/06/2025 08:46:08;;;Não Reconhecida
20/06/2025;463;;;A41176;;20/06/2025 09:01:45;;;;Não Reconhecida
20/06/2025;463;;;A41245;;20/06/2025 09:15:27;;;;Não Reconhecida
20/06/2025;463;;;A41450;;20/06/2025 05:32:31;20/06/2025 05:57:45;;;Não Reconhecida
20/06/2025;463;;;A41450;;20/06/2025 06:03:35;20/06/2025 06:23:04;;;Não Reconhecida
20/06/2025;463;;;A41450;;20/06/2025 06:33:01;20/06/2025 06:59:16;;;Não Reconhecida
20/06/2025;463;;;A41450;;20/06/2025 07:07:10;20/06/2025 07:32:28;;;Não Reconhecida
20/06/2025;463;;;A41450;;20/06/2025 07:41:24;20/06/2025 08:07:12;;;Não Reconhecida
20/06/2025;463;;;A41450;;20/06/2025 08:14:35;20/06/2025 08:35:41;;;Não Reconhecida
20/06/2025;463;;;A41450;;20/06/2025 08:49:14;;;;Não Reconhecida
20/06/2025;463;;;A41459;;20/06/2025 04:58:03;20/06/2025 05:19:58;;;Não Reconhecida
20/06/2025;463;;;A41459;;20/06/2025 05:25:17;20/06/2025 05:44:38;;;Não Reconhecida
20/06/2025;463;;;A41459;;20/06/2025 06:08:27;20/06/2025 06:35:30;;;Não Reconhecida
20/06/2025;463;;;A41459;;20/06/2025 06:40:50;20/06/2025 07:02:13;;;Não Reconhecida
20/06/2025;463;;;A41459;;20/06/2025 07:11:39;20/06/2025 07:38:43;;;Não Reconhecida
20/06/2025;463;;;A41459;;20/06/2025 07:48:08;20/06/2025 08:11:04;;;Não Reconhecida
20/06/2025;463;;;A41459;;20/06/2025 08:25:07;20/06/2025 08:53:11;;;Não Reconhecida
20/06/2025;463;;;A41459;;20/06/2025 09:02:06;;;;Não Reconhecida
20/06/2025;472;;;A41358;;20/06/2025 04:53:24;20/06/2025 05:28:39;;;Não Reconhecida
20/06/2025;472;;;A41358;;20/06/2025 06:00:48;20/06/2025 06:48:25;;;Não Reconhecida
20/06/2025;472;;;A41358;;20/06/2025 07:03:55;20/06/2025 08:32:00;;;Não Reconhecida
20/06/2025;472;;;A41358;;20/06/2025 09:05:08;;;;Não Reconhecida
20/06/2025;538;;;A41400;;20/06/2025 05:00:39;20/06/2025 05:41:30;;;Não Reconhecida
20/06/2025;538;;;A41400;;20/06/2025 05:42:43;20/06/2025 06:41:04;;;Não Reconhecida
20/06/2025;538;;;A41400;;20/06/2025 06:50:30;20/06/2025 07:50:43;;;Não Reconhecida
20/06/2025;538;;;A41400;;20/06/2025 07:55:01;20/06/2025 09:08:19;;;Não Reconhecida
20/06/2025;538;;;A41400;;20/06/2025 09:19:14;;;;Não Reconhecida
20/06/2025;538;;;A41401;;20/06/2025 07:12:51;20/06/2025 08:04:27;;;Não Reconhecida
20/06/2025;538;;;A41401;;20/06/2025 08:08:44;20/06/2025 09:08:07;;;Não Reconhecida
20/06/2025;538;;;A41401;;20/06/2025 09:13:26;;;;Não Reconhecida
20/06/2025;538;;;A41402;;20/06/2025 05:27:57;20/06/2025 06:01:39;;;Não Reconhecida
20/06/2025;538;;;A41402;;20/06/2025 06:10:03;20/06/2025 06:57:39;;;Não Reconhecida
20/06/2025;538;;;A41402;;20/06/2025 07:29:41;20/06/2025 08:22:22;;;Não Reconhecida
20/06/2025;538;;;A41402;;20/06/2025 08:22:33;;;;Não Reconhecida
20/06/2025;538;;;A41404;;20/06/2025 05:20:31;20/06/2025 05:58:21;;;Não Reconhecida
20/06/2025;538;;;A41404;;20/06/2025 06:01:37;20/06/2025 06:53:52;;;Não Reconhecida
20/06/2025;538;;;A41404;;20/06/2025 07:02:46;20/06/2025 07:53:25;;;Não Reconhecida
20/06/2025;538;;;A41404;;20/06/2025 08:03:21;20/06/2025 09:07:27;;;Não Reconhecida
20/06/2025;538;;;A41404;;20/06/2025 09:19:27;;;;Não Reconhecida
20/06/2025;538;;;A41405;;20/06/2025 06:02:42;20/06/2025 06:45:07;;;Não Reconhecida
20/06/2025;538;;;A41405;;20/06/2025 06:46:19;20/06/2025 07:34:55;;;Não Reconhecida
20/06/2025;538;;;A41405;;20/06/2025 07:58:12;20/06/2025 08:51:28;;;Não Reconhecida
20/06/2025;538;;;A41405;;20/06/2025 09:02:26;;;;Não Reconhecida
20/06/2025;553;;;A41254;;20/06/2025 04:59:27;20/06/2025 06:07:14;;;Não Reconhecida
20/06/2025;553;;;A41254;;20/06/2025 08:02:19;;;;Não Reconhecida
20/06/2025;553;;;C41389;;20/06/2025 08:03:33;;;;Não Reconhecida
20/06/2025;553;;;C41391;;20/06/2025 05:26:02;20/06/2025 06:31:23;;;Não Reconhecida
20/06/2025;553;;;C41391;;20/06/2025 08:21:12;;;;Não Reconhecida
20/06/2025;553;;;C41409;;20/06/2025 04:50:16;20/06/2025 05:55:47;;;Não Reconhecida
20/06/2025;553;;;C41409;;20/06/2025 06:05:12;20/06/2025 07:41:31;;;Não Reconhecida
20/06/2025;553;;;C41409;;20/06/2025 07:42:01;20/06/2025 09:01:31;;;Não Reconhecida
20/06/2025;553;;;C41409;;20/06/2025 09:11:27;;;;Não Reconhecida
20/06/2025;585;;;A41197;;20/06/2025 06:01:30;20/06/2025 06:21:20;;;Não Reconhecida
20/06/2025;585;;;A41197;;20/06/2025 06:25:07;20/06/2025 06:47:00;;;Não Reconhecida
20/06/2025;585;;;A41197;;20/06/2025 09:00:50;;;;Não Reconhecida
20/06/2025;955;;;C41372;;20/06/2025 05:08:35;20/06/2025 05:53:29;;;Não Reconhecida
20/06/2025;957;;;C41089;;20/06/2025 05:17:46;20/06/2025 06:34:21;;;Não Reconhecida
20/06/2025;LECD110;;;A41218;;20/06/2025 05:32:12;20/06/2025 06:10:57;;;Não Reconhecida
20/06/2025;LECD110;;;A41218;;20/06/2025 06:14:20;20/06/2025 06:56:16;;;Não Reconhecida
20/06/2025;LECD110;;;A41218;;20/06/2025 07:07:45;20/06/2025 08:08:41;;;Não Reconhecida
20/06/2025;LECD110;;;A41218;;20/06/2025 08:13:29;20/06/2025 08:56:54;;;Não Reconhecida
20/06/2025;LECD110;;;A41218;;20/06/2025 09:11:29;;;;Não Reconhecida
20/06/2025;SN309;;;A41082;;20/06/2025 00:26:36;20/06/2025 01:26:22;;;Não Reconhecida
20/06/2025;SN309;;;A41082;;20/06/2025 01:38:15;20/06/2025 02:39:02;;;Não Reconhecida
20/06/2025;SN309;;;A41082;;20/06/2025 03:21:16;20/06/2025 04:16:41;;;Não Reconhecida
20/06/2025;SN309;;;A41082;;20/06/2025 04:29:53;20/06/2025 05:43:25;;;Não Reconhecida
20/06/2025;SN309;;;A41208;;20/06/2025 00:36:00;20/06/2025 01:39:27;;;Não Reconhecida
20/06/2025;SN309;;;A41208;;20/06/2025 02:03:16;20/06/2025 03:06:10;;;Não Reconhecida
20/06/2025;SN309;;;A41208;;20/06/2025 03:13:43;20/06/2025 04:18:01;;;Não Reconhecida
20/06/2025;SN309;;;A41252;;20/06/2025 01:01:09;20/06/2025 01:56:29;;;Não Reconhecida
20/06/2025;SN309;;;A41252;;20/06/2025 02:07:28;20/06/2025 03:06:52;;;Não Reconhecida
20/06/2025;SN309;;;A41252;;20/06/2025 03:41:37;20/06/2025 04:40:45;;;Não Reconhecida
20/06/2025;SN309;;;A41252;;20/06/2025 04:51:09;20/06/2025 06:03:43;;;Não Reconhecida
20/06/2025;SN309;;;A41411;;20/06/2025 00:31:42;20/06/2025 01:32:01;;;Não Reconhecida
20/06/2025;SN309;;;A41411;;20/06/2025 01:41:27;20/06/2025 02:36:10;;;Não Reconhecida
20/06/2025;SN309;;;A41411;;20/06/2025 02:50:13;20/06/2025 03:43:57;;;Não Reconhecida
20/06/2025;SN309;;;A41412;;20/06/2025 01:23:02;20/06/2025 02:26:09;;;Não Reconhecida
20/06/2025;SN309;;;A41412;;20/06/2025 02:35:27;20/06/2025 03:37:11;;;Não Reconhecida
20/06/2025;SN309;;;A41442;;20/06/2025 00:12:06;20/06/2025 01:10:28;;;Não Reconhecida
20/06/2025;SN309;;;A41442;;20/06/2025 01:22:44;20/06/2025 02:15:42;;;Não Reconhecida
20/06/2025;SN309;;;A41442;;20/06/2025 03:03:39;20/06/2025 03:55:53;;;Não Reconhecida
20/06/2025;SN309;;;A41442;;20/06/2025 04:12:00;20/06/2025 05:16:30;;;Não Reconhecida
20/06/2025;SN309;;;A41460;;20/06/2025 00:40:17;20/06/2025 01:59:09;;;Não Reconhecida
20/06/2025;SN309;;;A41460;;20/06/2025 02:01:54;20/06/2025 03:14:08;;;Não Reconhecida
20/06/2025;SN309;;;A41461;;20/06/2025 01:04:50;20/06/2025 02:03:14;;;Não Reconhecida
20/06/2025;SN309;;;A41461;;20/06/2025 02:40:58;20/06/2025 03:35:15;;;Não Reconhecida
20/06/2025;SN309;;;A41461;;20/06/2025 03:47:47;20/06/2025 04:51:18;;;Não Reconhecida
20/06/2025;SN309;;;C41361;;20/06/2025 00:52:02;20/06/2025 02:02:11;;;Não Reconhecida
20/06/2025;SN309;;;C41361;;20/06/2025 02:21:21;20/06/2025 03:22:02;;;Não Reconhecida
20/06/2025;SN309;;;C41361;;20/06/2025 03:33:18;20/06/2025 04:48:23;;;Não Reconhecida
20/06/2025;SN538;;;A41404;;20/06/2025 00:38:10;20/06/2025 01:12:55;;;Não Reconhecida
20/06/2025;SN538;;;A41404;;20/06/2025 01:20:48;20/06/2025 02:00:42;;;Não Reconhecida
20/06/2025;SN538;;;A41404;;20/06/2025 02:15:48;20/06/2025 02:47:26;;;Não Reconhecida
20/06/2025;SN538;;;A41404;;20/06/2025 03:03:01;20/06/2025 03:39:17;;;Não Reconhecida
20/06/2025;SN538;;;A41404;;20/06/2025 03:41:00;20/06/2025 04:12:41;;;Não Reconhecida
20/06/2025;SN538;;;A41405;;20/06/2025 00:37:45;20/06/2025 01:23:16;;;Não Reconhecida
20/06/2025;SN538;;;A41405;;20/06/2025 01:33:13;20/06/2025 02:22:49;;;Não Reconhecida
20/06/2025;SN538;;;A41405;;20/06/2025 02:25:04;20/06/2025 03:04:25;;;Não Reconhecida
20/06/2025;SN538;;;A41405;;20/06/2025 03:13:19;20/06/2025 03:59:53;;;Não Reconhecida
20/06/2025;SP309;;;A41030;;20/06/2025 06:19:11;20/06/2025 07:02:36;;;Não Reconhecida
20/06/2025;SP309;;;A41454;;20/06/2025 07:42:25;20/06/2025 08:35:08;;;Não Reconhecida
20/06/2025;SP309;;;C41209;;20/06/2025 07:19:58;20/06/2025 08:10:05;;;Não Reconhecida
20/06/2025;SP309;;;C41209;;20/06/2025 08:49:16;;;;Não Reconhecida
20/06/2025;SP315;;;A41082;;20/06/2025 06:37:32;20/06/2025 07:42:21;;;Não Reconhecida
20/06/2025;SP315;;;A41252;;20/06/2025 06:54:17;20/06/2025 08:08:33;;;Não Reconhecida
20/06/2025;SP315;;;A41322;;20/06/2025 07:07:10;20/06/2025 08:09:44;;;Não Reconhecida
20/06/2025;SP315;;;C41054;;20/06/2025 06:00:43;20/06/2025 07:08:19;;;Não Reconhecida
20/06/2025;SP315;;;C41247;;20/06/2025 08:08:42;20/06/2025 09:12:11;;;Não Reconhecida
20/06/2025;SP315;;;C41247;;20/06/2025 09:19:02;;;;Não Reconhecida
20/06/2025;SP315;;;C41374;;20/06/2025 05:53:30;20/06/2025 07:02:08;;;Não Reconhecida
20/06/2025;SP315;;;C41389;;20/06/2025 06:21:59;20/06/2025 07:35:39;;;Não Reconhecida
20/06/2025;SP553;;;A41254;;20/06/2025 06:35:36;20/06/2025 07:41:29;;;Não Reconhecida
20/06/2025;SP553;;;A41442;;20/06/2025 07:42:05;20/06/2025 08:44:03;;;Não Reconhecida
20/06/2025;SP553;;;A41461;;20/06/2025 08:09:27;;;;Não Reconhecida
20/06/2025;SP553;;;C41054;;20/06/2025 07:48:34;20/06/2025 08:54:41;;;Não Reconhecida
20/06/2025;SP553;;;C41391;;20/06/2025 06:56:47;20/06/2025 08:05:24;;;Não Reconhecida
20/06/2025;SV112;;;A41018;;20/06/2025 05:52:07;20/06/2025 06:14:03;;;Não Reconhecida
20/06/2025;SV112;;;A41018;;20/06/2025 06:18:39;20/06/2025 06:41:45;;;Não Reconhecida
20/06/2025;SV112;;;A41018;;20/06/2025 07:39:31;20/06/2025 08:08:41;;;Não Reconhecida
20/06/2025;SV112;;;A41059;;20/06/2025 06:56:56;20/06/2025 07:19:22;;;Não Reconhecida
20/06/2025;SV112;;;A41060;;20/06/2025 06:36:59;20/06/2025 06:58:56;;;Não Reconhecida
20/06/2025;SV112;;;A41062;;20/06/2025 07:12:37;20/06/2025 07:34:31;;;Não Reconhecida
20/06/2025;SV112;;;A41063;;20/06/2025 06:53:11;20/06/2025 07:18:42;;;Não Reconhecida
20/06/2025;SV112;;;A41083;;20/06/2025 06:00:20;20/06/2025 06:21:13;;;Não Reconhecida
20/06/2025;SV112;;;A41083;;20/06/2025 07:31:05;20/06/2025 07:55:04;;;Não Reconhecida
20/06/2025;SV112;;;A41085;;20/06/2025 05:12:16;20/06/2025 05:31:18;;;Não Reconhecida
20/06/2025;SV112;;;A41085;;20/06/2025 05:35:24;20/06/2025 05:54:42;;;Não Reconhecida
20/06/2025;SV112;;;A41085;;20/06/2025 06:42:08;20/06/2025 07:05:35;;;Não Reconhecida
20/06/2025;SV112;;;A41085;;20/06/2025 07:55:38;20/06/2025 08:17:02;;;Não Reconhecida
20/06/2025;SV112;;;A41104;;20/06/2025 05:31:15;20/06/2025 05:53:39;;;Não Reconhecida
20/06/2025;SV112;;;A41104;;20/06/2025 06:02:03;20/06/2025 06:21:23;;;Não Reconhecida
20/06/2025;SV112;;;A41104;;20/06/2025 07:11:41;20/06/2025 07:33:04;;;Não Reconhecida
20/06/2025;SV112;;;A41111;;20/06/2025 07:24:04;20/06/2025 07:54:13;;;Não Reconhecida
20/06/2025;SV112;;;A41169;;20/06/2025 06:34:44;20/06/2025 06:59:42;;;Não Reconhecida
20/06/2025;SV112;;;A41169;;20/06/2025 07:52:17;20/06/2025 08:19:49;;;Não Reconhecida
20/06/2025;SV112;;;A41255;;20/06/2025 06:53:32;20/06/2025 07:16:28;;;Não Reconhecida
20/06/2025;SV112;;;A41255;;20/06/2025 08:10:05;20/06/2025 08:36:40;;;Não Reconhecida
20/06/2025;SV112;;;A41410;;20/06/2025 06:11:10;20/06/2025 06:29:28;;;Não Reconhecida
20/06/2025;SV112;;;A41410;;20/06/2025 07:42:31;20/06/2025 08:02:51;;;Não Reconhecida
20/06/2025;SV112;;;A41455;;20/06/2025 05:41:53;20/06/2025 06:01:43;;;Não Reconhecida
20/06/2025;SV112;;;A41455;;20/06/2025 06:07:36;20/06/2025 06:28:25;;;Não Reconhecida
20/06/2025;SV112;;;A41455;;20/06/2025 07:28:42;20/06/2025 07:52:38;;;Não Reconhecida
20/06/2025;SV112;;;C41092;;20/06/2025 05:22:30;20/06/2025 05:43:22;;;Não Reconhecida
20/06/2025;SV112;;;C41092;;20/06/2025 05:49:41;20/06/2025 06:11:05;;;Não Reconhecida
20/06/2025;SV112;;;C41092;;20/06/2025 07:05:55;20/06/2025 07:31:38;;;Não Reconhecida